rider_id,rider_name,signup_date
1,Ravi Kumar,2023-05-07
2,Suresh Reddy,2025-02-13
3,Vikram Patel,2024-04-04
4,Ravi Kumar,2024-08-09
5,Arjun Rao,2024-04-09
6,Ajay Singh,2023-08-30
7,Vikram Patel,2023-12-25
8,Mahesh Yadav,2023-10-19
9,Kiran Kumar,2025-01-01
10,Ajay Singh,2024-06-16
11,Arjun Rao,2023-04-18
12,Ajay Singh,2024-06-12
13,Arjun Rao,2025-04-22
14,Suresh Reddy,2024-04-10
15,Kiran Kumar,2023-05-31
16,Kiran Kumar,2025-04-28
17,Suresh Reddy,2023-03-25
18,Kiran Kumar,2023-03-05
19,Mahesh Yadav,2025-06-28
20,Ajay Singh,2024-05-02
21,Suresh Reddy,2024-04-01
22,Kiran Kumar,2024-01-14
23,Kiran Kumar,2024-08-25
24,Vikram Patel,2025-06-11
25,Naveen Reddy,2024-08-21
26,Kiran Kumar,2024-10-13
27,Naveen Reddy,2024-03-26
28,Kiran Kumar,2025-01-19
29,Mahesh Yadav,2025-04-23
30,Mahesh Yadav,2023-05-28
31,Naveen Reddy,2024-05-11
32,Suresh Reddy,2023-05-13
33,Ajay Singh,2024-12-12
34,Naveen Reddy,2024-04-11
35,Mahesh Yadav,2023-02-03
36,Arjun Rao,2025-08-24
37,Suresh Reddy,2025-08-01
38,Kiran Kumar,2024-09-08
39,Suresh Reddy,2023-04-23
40,Vikram Patel,2024-01-14
41,Mahesh Yadav,2023-02-11
42,Arjun Rao,2023-05-01
43,Arjun Rao,2023-11-09
44,Vikram Patel,2023-11-07
45,Ravi Kumar,2024-05-12
46,Mahesh Yadav,2025-03-21
47,Kiran Kumar,2023-05-26
48,Vikram Patel,2023-02-19
49,Vikram Patel,2025-06-29
50,Mahesh Yadav,2023-08-09
51,Naveen Reddy,2025-04-18
52,Suresh Reddy,2023-01-03
53,Arjun Rao,2024-07-14
54,Ravi Kumar,2023-03-11
55,Naveen Reddy,2024-03-03
56,Vikram Patel,2024-08-09
57,Naveen Reddy,2024-08-02
58,Arjun Rao,2025-07-10
59,Kiran Kumar,2025-03-11
60,Mahesh Yadav,2024-05-01
61,Mahesh Yadav,2025-02-19
62,Naveen Reddy,2024-05-31
63,Naveen Reddy,2025-02-18
64,Naveen Reddy,2024-11-14
65,Arjun Rao,2023-06-02
66,Kiran Kumar,2023-04-02
67,Ajay Singh,2024-02-01
68,Kiran Kumar,2025-07-10
69,Ravi Kumar,2023-12-14
70,Naveen Reddy,2025-09-08
71,Vikram Patel,2025-01-23
72,Suresh Reddy,2024-10-23
73,Mahesh Yadav,2025-06-05
74,Ravi Kumar,2024-12-25
75,Vikram Patel,2024-08-08
76,Suresh Reddy,2024-07-28
77,Suresh Reddy,2024-10-21
78,Ravi Kumar,2023-07-17
79,Ajay Singh,2025-09-07
80,Naveen Reddy,2025-02-07
81,Ravi Kumar,2024-05-29
82,Mahesh Yadav,2023-05-04
83,Ravi Kumar,2025-09-12
84,Ajay Singh,2023-10-09
85,Naveen Reddy,2023-09-09
86,Arjun Rao,2023-03-28
87,Ravi Kumar,2024-02-16
88,Ravi Kumar,2024-05-18
89,Kiran Kumar,2023-12-15
90,Kiran Kumar,2023-07-04
91,Arjun Rao,2023-01-25
92,Vikram Patel,2024-01-27
93,Suresh Reddy,2023-04-04
94,Mahesh Yadav,2023-04-12
95,Mahesh Yadav,2023-10-20
96,Vikram Patel,2023-07-07
97,Suresh Reddy,2025-02-25
98,Vikram Patel,2023-06-07
99,Kiran Kumar,2025-09-02
100,Mahesh Yadav,2024-11-25
101,Arjun Rao,2023-03-02
102,Ravi Kumar,2023-07-05
103,Ravi Kumar,2024-12-31
104,Kiran Kumar,2023-11-02
105,Arjun Rao,2023-04-12
106,Kiran Kumar,2023-05-26
107,Arjun Rao,2025-07-03
108,Kiran Kumar,2023-09-22
109,Suresh Reddy,2025-08-22
110,Ajay Singh,2023-02-23
111,Ajay Singh,2023-09-03
112,Kiran Kumar,2024-05-19
113,Suresh Reddy,2025-08-30
114,Ravi Kumar,2023-10-03
115,Naveen Reddy,2023-11-22
116,Kiran Kumar,2024-07-20
117,Naveen Reddy,2023-03-09
118,Kiran Kumar,2023-01-30
119,Ajay Singh,2024-10-10
120,Ravi Kumar,2025-07-24
121,Suresh Reddy,2023-10-03
122,Mahesh Yadav,2023-09-10
123,Kiran Kumar,2023-11-08
124,Suresh Reddy,2024-04-01
125,Ajay Singh,2025-05-16
126,Mahesh Yadav,2025-03-12
127,Mahesh Yadav,2024-01-18
128,Ajay Singh,2025-03-11
129,Kiran Kumar,2024-07-04
130,Naveen Reddy,2025-09-11
131,Ravi Kumar,2023-02-12
132,Naveen Reddy,2025-04-12
133,Vikram Patel,2025-09-11
134,Mahesh Yadav,2024-10-30
135,Ravi Kumar,2023-01-01
136,Naveen Reddy,2025-08-13
137,Vikram Patel,2023-10-07
138,Kiran Kumar,2025-05-09
139,Ajay Singh,2023-12-26
140,Vikram Patel,2024-08-22
141,Mahesh Yadav,2023-02-16
142,Suresh Reddy,2025-01-26
143,Suresh Reddy,2023-11-04
144,Suresh Reddy,2024-02-09
145,Mahesh Yadav,2025-04-30
146,Vikram Patel,2025-01-12
147,Kiran Kumar,2025-06-18
148,Arjun Rao,2023-08-04
149,Arjun Rao,2025-06-24
150,Vikram Patel,2024-10-12
151,Naveen Reddy,2025-02-09
152,Ajay Singh,2023-10-07
153,Arjun Rao,2024-11-09
154,Ajay Singh,2023-12-16
155,Arjun Rao,2024-04-15
156,Mahesh Yadav,2023-01-17
157,Ravi Kumar,2024-10-23
158,Naveen Reddy,2024-09-15
159,Ravi Kumar,2023-01-05
160,Mahesh Yadav,2024-11-19
161,Naveen Reddy,2024-02-28
162,Kiran Kumar,2025-02-19
163,Suresh Reddy,2024-07-05
164,Suresh Reddy,2025-03-17
165,Ravi Kumar,2024-07-05
166,Naveen Reddy,2025-07-02
167,Suresh Reddy,2024-11-19
168,Kiran Kumar,2023-12-28
169,Arjun Rao,2025-04-27
170,Mahesh Yadav,2024-02-01
171,Ravi Kumar,2025-05-09
172,Naveen Reddy,2023-05-08
173,Ajay Singh,2024-01-15
174,Ravi Kumar,2024-03-31
175,Ravi Kumar,2023-08-15
176,Vikram Patel,2025-02-15
177,Arjun Rao,2024-11-27
178,Suresh Reddy,2023-07-16
179,Vikram Patel,2025-04-15
180,Ajay Singh,2025-04-07
181,Naveen Reddy,2023-08-28
182,Arjun Rao,2025-09-17
183,Vikram Patel,2023-02-07
184,Ajay Singh,2024-05-19
185,Ajay Singh,2023-01-08
186,Kiran Kumar,2025-04-20
187,Vikram Patel,2023-04-24
188,Naveen Reddy,2024-08-05
189,Ajay Singh,2023-06-24
190,Mahesh Yadav,2024-11-06
191,Mahesh Yadav,2023-03-08
192,Suresh Reddy,2025-02-02
193,Vikram Patel,2023-05-11
194,Ajay Singh,2025-08-13
195,Vikram Patel,2025-06-21
196,Ravi Kumar,2023-07-16
197,Vikram Patel,2025-09-20
198,Naveen Reddy,2024-11-28
199,Kiran Kumar,2023-01-03
200,Ravi Kumar,2024-10-18
201,Arjun Rao,2025-05-24
202,Kiran Kumar,2024-03-18
203,Suresh Reddy,2023-10-08
204,Naveen Reddy,2024-11-27
205,Arjun Rao,2024-05-22
206,Ravi Kumar,2024-06-13
207,Ajay Singh,2025-06-24
208,Vikram Patel,2023-02-18
209,Kiran Kumar,2025-07-29
210,Naveen Reddy,2024-06-29
211,Ravi Kumar,2023-11-20
212,Ajay Singh,2024-02-06
213,Suresh Reddy,2023-12-09
214,Ravi Kumar,2025-06-20
215,Ajay Singh,2025-01-25
216,Kiran Kumar,2024-12-07
217,Suresh Reddy,2025-09-07
218,Ajay Singh,2025-07-28
219,Mahesh Yadav,2023-07-21
220,Vikram Patel,2023-12-04
221,Suresh Reddy,2023-03-06
222,Naveen Reddy,2023-01-29
223,Ravi Kumar,2024-03-18
224,Arjun Rao,2024-08-29
225,Vikram Patel,2025-05-10
226,Suresh Reddy,2023-09-11
227,Ajay Singh,2024-04-29
228,Arjun Rao,2025-09-08
229,Ravi Kumar,2025-05-02
230,Arjun Rao,2025-04-21
231,Ajay Singh,2024-06-16
232,Suresh Reddy,2025-08-24
233,Naveen Reddy,2025-03-05
234,Suresh Reddy,2025-02-21
235,Naveen Reddy,2024-10-02
236,Suresh Reddy,2024-08-15
237,Ravi Kumar,2023-03-29
238,Ravi Kumar,2025-07-27
239,Arjun Rao,2024-01-22
240,Suresh Reddy,2025-06-30
241,Mahesh Yadav,2025-03-12
242,Naveen Reddy,2023-03-05
243,Vikram Patel,2023-02-26
244,Kiran Kumar,2024-09-17
245,Suresh Reddy,2023-03-09
246,Ravi Kumar,2024-11-24
247,Ravi Kumar,2024-07-26
248,Kiran Kumar,2023-10-29
249,Suresh Reddy,2024-02-16
250,Kiran Kumar,2024-09-24
251,Ravi Kumar,2023-08-27
252,Kiran Kumar,2024-04-09
253,Kiran Kumar,2024-04-20
254,Suresh Reddy,2025-06-20
255,Ravi Kumar,2023-12-14
256,Arjun Rao,2024-04-09
257,Ajay Singh,2024-08-24
258,Suresh Reddy,2023-04-21
259,Suresh Reddy,2023-01-13
260,Ajay Singh,2024-08-30
261,Mahesh Yadav,2025-07-15
262,Vikram Patel,2024-10-14
263,Kiran Kumar,2023-12-30
264,Naveen Reddy,2024-05-07
265,Ajay Singh,2023-07-10
266,Ravi Kumar,2023-05-21
267,Mahesh Yadav,2023-03-03
268,Kiran Kumar,2023-11-16
269,Arjun Rao,2024-06-09
270,Mahesh Yadav,2023-11-15
271,Naveen Reddy,2023-05-31
272,Arjun Rao,2023-11-13
273,Arjun Rao,2023-10-26
274,Ravi Kumar,2025-09-20
275,Mahesh Yadav,2024-06-14
276,Ajay Singh,2023-02-28
277,Ravi Kumar,2024-06-03
278,Arjun Rao,2024-03-08
279,Ajay Singh,2023-07-20
280,Ajay Singh,2024-10-17
281,Suresh Reddy,2025-03-15
282,Ajay Singh,2023-12-16
283,Naveen Reddy,2024-11-14
284,Naveen Reddy,2024-12-12
285,Arjun Rao,2024-09-06
286,Arjun Rao,2025-05-22
287,Vikram Patel,2024-09-22
288,Arjun Rao,2024-03-04
289,Suresh Reddy,2023-06-16
290,Ravi Kumar,2024-04-10
291,Ajay Singh,2024-05-22
292,Ravi Kumar,2025-07-31
293,Ajay Singh,2024-10-16
294,Ajay Singh,2024-12-10
295,Ajay Singh,2024-04-22
296,Naveen Reddy,2023-09-02
297,Arjun Rao,2025-01-22
298,Kiran Kumar,2025-04-06
299,Kiran Kumar,2023-07-30
300,Ravi Kumar,2023-07-08
301,Ravi Kumar,2024-01-07
302,Arjun Rao,2023-03-17
303,Suresh Reddy,2023-01-31
304,Vikram Patel,2023-05-26
305,Ajay Singh,2024-03-26
306,Arjun Rao,2024-10-08
307,Ravi Kumar,2023-02-14
308,Ajay Singh,2023-07-23
309,Mahesh Yadav,2023-10-18
310,Vikram Patel,2023-08-13
311,Mahesh Yadav,2025-01-06
312,Ajay Singh,2023-12-14
313,Ajay Singh,2023-07-02
314,Mahesh Yadav,2023-01-23
315,Vikram Patel,2025-05-13
316,Suresh Reddy,2025-07-21
317,Mahesh Yadav,2023-01-22
318,Suresh Reddy,2024-01-24
319,Ajay Singh,2023-12-13
320,Naveen Reddy,2023-11-09
321,Arjun Rao,2023-09-03
322,Arjun Rao,2025-04-08
323,Mahesh Yadav,2024-11-07
324,Kiran Kumar,2025-08-21
325,Suresh Reddy,2025-06-18
326,Mahesh Yadav,2023-05-02
327,Mahesh Yadav,2025-06-22
328,Ajay Singh,2025-03-24
329,Kiran Kumar,2023-07-16
330,Arjun Rao,2024-12-12
331,Kiran Kumar,2023-11-22
332,Ajay Singh,2025-09-27
333,Ravi Kumar,2025-08-01
334,Ajay Singh,2025-02-20
335,Vikram Patel,2025-05-24
336,Mahesh Yadav,2025-03-19
337,Ajay Singh,2023-12-02
338,Vikram Patel,2023-02-24
339,Mahesh Yadav,2025-06-12
340,Naveen Reddy,2025-05-21
341,Suresh Reddy,2023-08-03
342,Naveen Reddy,2025-03-14
343,Suresh Reddy,2025-03-20
344,Kiran Kumar,2023-06-21
345,Arjun Rao,2025-02-08
346,Naveen Reddy,2024-05-25
347,Arjun Rao,2023-07-03
348,Arjun Rao,2024-12-30
349,Naveen Reddy,2024-06-22
350,Naveen Reddy,2025-01-02
351,Vikram Patel,2024-04-30
352,Kiran Kumar,2024-08-18
353,Ravi Kumar,2024-10-15
354,Ajay Singh,2023-08-01
355,Ajay Singh,2025-07-05
356,Ajay Singh,2024-04-07
357,Ajay Singh,2024-02-10
358,Kiran Kumar,2023-11-10
359,Kiran Kumar,2025-06-29
360,Mahesh Yadav,2024-08-08
361,Arjun Rao,2025-08-15
362,Suresh Reddy,2023-09-18
363,Suresh Reddy,2023-05-18
364,Naveen Reddy,2023-10-30
365,Arjun Rao,2024-06-15
366,Ravi Kumar,2023-08-24
367,Arjun Rao,2024-04-21
368,Naveen Reddy,2024-03-12
369,Kiran Kumar,2024-04-23
370,Arjun Rao,2024-02-23
371,Naveen Reddy,2025-04-03
372,Vikram Patel,2023-11-21
373,Ravi Kumar,2024-01-27
374,Naveen Reddy,2023-07-03
375,Vikram Patel,2023-08-28
376,Suresh Reddy,2024-10-22
377,Suresh Reddy,2024-01-03
378,Suresh Reddy,2023-10-29
379,Vikram Patel,2025-03-15
380,Ajay Singh,2025-08-06
381,Suresh Reddy,2023-04-11
382,Arjun Rao,2023-03-15
383,Ajay Singh,2023-02-09
384,Ajay Singh,2023-12-08
385,Arjun Rao,2024-11-22
386,Vikram Patel,2023-09-14
387,Vikram Patel,2025-02-02
388,Mahesh Yadav,2023-07-15
389,Vikram Patel,2025-05-25
390,Vikram Patel,2023-01-09
391,Arjun Rao,2023-10-16
392,Kiran Kumar,2025-03-12
393,Kiran Kumar,2025-08-26
394,Ravi Kumar,2025-04-21
395,Mahesh Yadav,2024-04-28
396,Kiran Kumar,2025-06-05
397,Ajay Singh,2023-08-22
398,Ajay Singh,2025-01-10
399,Ajay Singh,2024-04-30
400,Naveen Reddy,2024-06-12
401,Naveen Reddy,2025-01-09
402,Suresh Reddy,2023-12-15
403,Ajay Singh,2023-11-17
404,Kiran Kumar,2024-03-15
405,Naveen Reddy,2023-08-03
406,Ravi Kumar,2024-04-05
407,Mahesh Yadav,2024-01-19
408,Mahesh Yadav,2024-08-14
409,Ravi Kumar,2023-11-09
410,Arjun Rao,2024-05-26
411,Ajay Singh,2023-12-14
412,Kiran Kumar,2024-03-05
413,Kiran Kumar,2024-12-03
414,Vikram Patel,2025-02-20
415,Ravi Kumar,2023-11-30
416,Ravi Kumar,2024-08-04
417,Mahesh Yadav,2025-08-02
418,Arjun Rao,2023-06-07
419,Kiran Kumar,2024-08-04
420,Ajay Singh,2024-01-26
421,Kiran Kumar,2025-08-29
422,Kiran Kumar,2023-03-07
423,Naveen Reddy,2023-07-12
424,Arjun Rao,2023-04-22
425,Naveen Reddy,2024-08-06
426,Vikram Patel,2024-10-16
427,Mahesh Yadav,2023-04-06
428,Mahesh Yadav,2023-04-17
429,Naveen Reddy,2023-02-02
430,Mahesh Yadav,2023-01-28
431,Suresh Reddy,2023-07-23
432,Kiran Kumar,2025-07-22
433,Ajay Singh,2023-10-18
434,Vikram Patel,2023-08-27
435,Suresh Reddy,2024-11-06
436,Ravi Kumar,2024-04-10
437,Ravi Kumar,2024-01-13
438,Arjun Rao,2023-06-25
439,Kiran Kumar,2025-05-30
440,Mahesh Yadav,2024-02-05
441,Mahesh Yadav,2023-04-24
442,Kiran Kumar,2024-07-03
443,Suresh Reddy,2024-05-04
444,Ajay Singh,2024-02-03
445,Ajay Singh,2023-05-14
446,Kiran Kumar,2023-11-14
447,Naveen Reddy,2025-04-17
448,Vikram Patel,2023-06-12
449,Ajay Singh,2024-08-24
450,Naveen Reddy,2024-05-29
451,Ajay Singh,2023-10-10
452,Mahesh Yadav,2023-01-08
453,Suresh Reddy,2024-04-01
454,Kiran Kumar,2025-04-24
455,Ajay Singh,2024-09-11
456,Arjun Rao,2024-06-22
457,Naveen Reddy,2025-07-21
458,Naveen Reddy,2024-04-16
459,Ravi Kumar,2024-08-12
460,Suresh Reddy,2025-01-24
461,Naveen Reddy,2023-10-22
462,Vikram Patel,2023-12-22
463,Mahesh Yadav,2024-02-05
464,Ajay Singh,2024-03-01
465,Kiran Kumar,2023-07-03
466,Kiran Kumar,2024-04-13
467,Mahesh Yadav,2025-07-21
468,Suresh Reddy,2024-12-16
469,Ravi Kumar,2024-02-07
470,Mahesh Yadav,2023-09-03
471,Vikram Patel,2023-10-08
472,Suresh Reddy,2024-11-13
473,Ajay Singh,2024-12-15
474,Naveen Reddy,2025-07-19
475,Suresh Reddy,2024-02-26
476,Suresh Reddy,2024-01-13
477,Suresh Reddy,2025-02-12
478,Arjun Rao,2024-05-31
479,Naveen Reddy,2024-02-24
480,Vikram Patel,2023-06-18
481,Ravi Kumar,2023-08-01
482,Ravi Kumar,2024-04-18
483,Naveen Reddy,2023-03-16
484,Arjun Rao,2024-01-26
485,Kiran Kumar,2025-02-02
486,Ajay Singh,2025-05-26
487,Ravi Kumar,2024-02-11
488,Vikram Patel,2023-01-11
489,Mahesh Yadav,2023-04-28
490,Naveen Reddy,2023-12-01
491,Naveen Reddy,2024-05-11
492,Suresh Reddy,2023-03-11
493,Ajay Singh,2024-07-15
494,Naveen Reddy,2024-12-31
495,Naveen Reddy,2023-05-24
496,Vikram Patel,2025-04-20
497,Mahesh Yadav,2025-05-11
498,Ravi Kumar,2023-06-24
499,Suresh Reddy,2024-09-13
500,Vikram Patel,2023-07-01
